CustomerID,Tenure,MonthlyCharges,TotalCharges,Contract,PaymentMethod,PaperlessBilling,SeniorCitizen,Churn,LifetimeValueProxy,AvgChargePerTenure,MonthlyToTotalRatio,ContractRiskScore,PaperlessBillingFlag,AutoPaymentFlag,HighMonthlyChargeFlag,ShortTenureFlag,Segment,SegmentName
C00001,6,64,1540,One year,Credit Card,No,1,0,384,256.6666666666667,0.04155844155844156,2,0,1,0,1,3,Budget Conscious
C00002,21,113,1753,Month-to-month,Electronic Check,Yes,1,0,2373,83.47619047619048,0.06446092413006276,3,1,0,0,0,2,At-Risk New Customers
C00003,27,31,1455,Two year,Credit Card,No,1,0,837,53.888888888888886,0.021305841924398626,1,0,1,0,0,3,Budget Conscious
C00004,53,29,7150,Month-to-month,Electronic Check,No,1,0,1537,134.9056603773585,0.004055944055944056,3,0,0,0,0,2,At-Risk New Customers
C00005,16,185,1023,One year,Electronic Check,No,1,0,2960,63.9375,0.18084066471163246,2,0,0,1,0,1,Growth Accounts
C00006,55,44,7538,Two year,Electronic Check,No,0,0,2420,137.05454545454546,0.0058370920668612365,1,0,0,0,0,2,At-Risk New Customers
C00007,66,99,4178,Two year,Bank Transfer,No,1,0,6534,63.303030303030305,0.023695548109143132,1,0,1,0,0,3,Budget Conscious
C00008,61,128,3088,Month-to-month,Bank Transfer,No,1,0,7808,50.622950819672134,0.04145077720207254,3,0,1,0,0,3,Budget Conscious
C00009,64,124,7973,Month-to-month,Credit Card,No,1,0,7936,124.578125,0.01555248965257745,3,0,1,0,0,3,Budget Conscious
C00010,14,120,5844,One year,Bank Transfer,Yes,1,0,1680,417.42857142857144,0.02053388090349076,2,1,1,0,0,0,Premium Loyalists
C00011,59,57,5168,One year,Credit Card,Yes,0,0,3363,87.59322033898304,0.011029411764705883,2,1,1,0,0,0,Premium Loyalists
C00012,7,110,7282,Month-to-month,Electronic Check,No,1,1,770,1040.2857142857142,0.015105740181268883,3,0,0,0,1,2,At-Risk New Customers
C00013,53,86,3438,Month-to-month,Bank Transfer,Yes,1,0,4558,64.86792452830188,0.02501454333915067,3,1,1,0,0,0,Premium Loyalists
C00014,8,158,6194,Month-to-month,Credit Card,No,1,1,1264,774.25,0.025508556667742977,3,0,1,1,1,1,Growth Accounts
C00015,53,58,768,Month-to-month,Credit Card,Yes,1,0,3074,14.49056603773585,0.07552083333333333,3,1,1,0,0,0,Premium Loyalists
C00016,65,77,4071,Month-to-month,Credit Card,Yes,1,0,5005,62.63076923076923,0.018914271677720463,3,1,1,0,0,0,Premium Loyalists
C00017,19,187,4874,Two year,Credit Card,No,0,0,3553,256.5263157894737,0.03836684448091916,1,0,1,1,0,1,Growth Accounts
C00018,42,101,3736,One year,Bank Transfer,Yes,0,0,4242,88.95238095238095,0.02703426124197002,2,1,1,0,0,0,Premium Loyalists
C00019,7,156,5389,One year,Bank Transfer,Yes,0,1,1092,769.8571428571429,0.028947856745221746,2,1,1,0,1,0,Premium Loyalists
C00020,26,105,6868,Month-to-month,Bank Transfer,Yes,1,0,2730,264.15384615384613,0.015288293535235876,3,1,1,0,0,0,Premium Loyalists
C00021,38,137,1000,Month-to-month,Electronic Check,No,1,0,5206,26.31578947368421,0.137,3,0,0,0,0,2,At-Risk New Customers
C00022,25,120,4855,Two year,Credit Card,Yes,0,0,3000,194.2,0.024716786817713696,1,1,1,0,0,0,Premium Loyalists
C00023,60,40,1755,One year,Credit Card,No,1,0,2400,29.25,0.022792022792022793,2,0,1,0,0,3,Budget Conscious
C00024,30,100,3710,Two year,Credit Card,No,1,0,3000,123.66666666666667,0.026954177897574125,1,0,1,0,0,3,Budget Conscious
C00025,25,193,7565,Month-to-month,Bank Transfer,No,0,0,4825,302.6,0.025512227362855255,3,0,1,1,0,1,Growth Accounts
C00026,47,181,3295,One year,Credit Card,No,1,0,8507,70.1063829787234,0.05493171471927162,2,0,1,1,0,1,Growth Accounts
C00027,60,101,3741,Month-to-month,Bank Transfer,No,1,0,6060,62.35,0.026998128842555466,3,0,1,0,0,3,Budget Conscious
C00028,20,56,3950,One year,Bank Transfer,No,1,0,1120,197.5,0.014177215189873417,2,0,1,0,0,3,Budget Conscious
C00029,36,175,3682,One year,Bank Transfer,No,0,0,6300,102.27777777777777,0.04752851711026616,2,0,1,1,0,1,Growth Accounts
C00030,34,190,7540,One year,Bank Transfer,No,1,0,6460,221.76470588235293,0.025198938992042442,2,0,1,1,0,1,Growth Accounts
C00031,28,101,4643,One year,Electronic Check,Yes,1,0,2828,165.82142857142858,0.02175317682532845,2,1,0,0,0,2,At-Risk New Customers
C00032,10,196,4825,Month-to-month,Credit Card,Yes,0,1,1960,482.5,0.04062176165803109,3,1,1,1,1,1,Growth Accounts
C00033,43,182,7129,One year,Electronic Check,Yes,0,0,7826,165.7906976744186,0.02552952728292888,2,1,0,1,0,1,Growth Accounts
C00034,32,195,7139,One year,Bank Transfer,Yes,1,0,6240,223.09375,0.02731474996498109,2,1,1,1,0,1,Growth Accounts
C00035,60,44,1302,One year,Credit Card,No,1,0,2640,21.7,0.03379416282642089,2,0,1,0,0,3,Budget Conscious
C00036,50,116,690,Month-to-month,Credit Card,No,1,0,5800,13.8,0.1681159420289855,3,0,1,0,0,3,Budget Conscious
C00037,37,42,947,Month-to-month,Electronic Check,No,0,0,1554,25.594594594594593,0.044350580781414996,3,0,0,0,0,2,At-Risk New Customers
C00038,62,166,6225,Two year,Electronic Check,Yes,1,0,10292,100.40322580645162,0.02666666666666667,1,1,0,1,0,1,Growth Accounts
C00039,50,84,858,Month-to-month,Credit Card,No,0,0,4200,17.16,0.0979020979020979,3,0,1,0,0,3,Budget Conscious
C00040,26,151,1952,Two year,Electronic Check,No,0,0,3926,75.07692307692308,0.07735655737704918,1,0,0,0,0,2,At-Risk New Customers
C00041,42,20,1950,Two year,Credit Card,Yes,1,0,840,46.42857142857143,0.010256410256410256,1,1,1,0,0,0,Premium Loyalists
C00042,7,148,2701,Two year,Credit Card,Yes,0,0,1036,385.85714285714283,0.0547945205479452,1,1,1,0,1,0,Premium Loyalists
C00043,63,89,6547,One year,Electronic Check,Yes,0,0,5607,103.92063492063492,0.013594012524820528,2,1,0,0,0,2,At-Risk New Customers
C00044,42,123,3913,Month-to-month,Credit Card,No,1,0,5166,93.16666666666667,0.03143368259647329,3,0,1,0,0,3,Budget Conscious
C00045,34,93,3344,Two year,Credit Card,Yes,0,0,3162,98.3529411764706,0.027811004784688995,1,1,1,0,0,0,Premium Loyalists
C00046,32,170,4773,Two year,Credit Card,No,1,0,5440,149.15625,0.03561701236119841,1,0,1,1,0,1,Growth Accounts
C00047,22,46,7555,Month-to-month,Bank Transfer,No,1,0,1012,343.40909090909093,0.0060886829913964265,3,0,1,0,0,3,Budget Conscious
C00048,37,162,3735,Month-to-month,Electronic Check,Yes,1,0,5994,100.94594594594595,0.043373493975903614,3,1,0,1,0,1,Growth Accounts
C00049,56,49,3376,Month-to-month,Bank Transfer,No,0,0,2744,60.285714285714285,0.014514218009478674,3,0,1,0,0,3,Budget Conscious
C00050,49,121,5161,One year,Bank Transfer,Yes,0,0,5929,105.3265306122449,0.023445068785119164,2,1,1,0,0,0,Premium Loyalists
C00051,71,172,416,Month-to-month,Electronic Check,No,1,0,12212,5.859154929577465,0.41346153846153844,3,0,0,1,0,1,Growth Accounts
C00052,31,154,7537,Two year,Credit Card,Yes,1,0,4774,243.1290322580645,0.020432532837999205,1,1,1,0,0,0,Premium Loyalists
C00053,53,48,1497,One year,Credit Card,No,0,0,2544,28.245283018867923,0.03206412825651302,2,0,1,0,0,3,Budget Conscious
C00054,49,68,2615,Month-to-month,Bank Transfer,Yes,1,0,3332,53.36734693877551,0.0260038240917782,3,1,1,0,0,0,Premium Loyalists
C00055,9,157,7022,Month-to-month,Bank Transfer,No,0,1,1413,780.2222222222222,0.022358302477926518,3,0,1,0,1,3,Budget Conscious
C00056,47,54,6827,Two year,Bank Transfer,Yes,0,0,2538,145.25531914893617,0.007909770030760217,1,1,1,0,0,0,Premium Loyalists
C00057,58,121,3537,One year,Credit Card,No,1,0,7018,60.98275862068966,0.034209782301385355,2,0,1,0,0,3,Budget Conscious
C00058,59,72,7053,Month-to-month,Bank Transfer,Yes,0,0,4248,119.54237288135593,0.010208421948107189,3,1,1,0,0,0,Premium Loyalists
C00059,36,38,3792,One year,Bank Transfer,Yes,1,0,1368,105.33333333333333,0.010021097046413503,2,1,1,0,0,0,Premium Loyalists
C00060,26,182,7074,Month-to-month,Credit Card,No,0,0,4732,272.0769230769231,0.02572801809443031,3,0,1,1,0,1,Growth Accounts
C00061,23,187,5608,Month-to-month,Electronic Check,No,1,0,4301,243.82608695652175,0.033345221112696145,3,0,0,1,0,1,Growth Accounts
C00062,10,195,4284,Two year,Electronic Check,No,0,1,1950,428.4,0.04551820728291316,1,0,0,1,1,1,Growth Accounts
C00063,53,128,5803,One year,Bank Transfer,No,0,0,6784,109.49056603773585,0.022057556436326037,2,0,1,0,0,3,Budget Conscious
C00064,25,176,4496,One year,Bank Transfer,No,1,0,4400,179.84,0.03914590747330961,2,0,1,1,0,1,Growth Accounts
C00065,65,180,4142,One year,Credit Card,Yes,0,0,11700,63.723076923076924,0.04345726702076291,2,1,1,1,0,1,Growth Accounts
C00066,3,140,2541,One year,Electronic Check,No,1,0,420,847.0,0.05509641873278237,2,0,0,0,1,2,At-Risk New Customers
C00067,53,61,3631,One year,Bank Transfer,No,0,0,3233,68.50943396226415,0.016799779675020655,2,0,1,0,0,3,Budget Conscious
C00068,62,62,3016,Two year,Credit Card,Yes,0,0,3844,48.645161290322584,0.020557029177718834,1,1,1,0,0,0,Premium Loyalists
C00069,2,102,1333,Two year,Credit Card,Yes,0,1,204,666.5,0.07651912978244561,1,1,1,0,1,0,Premium Loyalists
C00070,53,21,6828,One year,Credit Card,No,0,0,1113,128.83018867924528,0.0030755711775043936,2,0,1,0,0,3,Budget Conscious
C00071,69,153,1418,Month-to-month,Electronic Check,No,0,0,10557,20.55072463768116,0.1078984485190409,3,0,0,0,0,2,At-Risk New Customers
C00072,68,153,1930,One year,Electronic Check,Yes,0,0,10404,28.38235294117647,0.07927461139896373,2,1,0,0,0,2,At-Risk New Customers
C00073,13,125,3696,Two year,Credit Card,No,1,0,1625,284.3076923076923,0.03382034632034632,1,0,1,0,0,3,Budget Conscious
C00074,2,152,2038,Month-to-month,Bank Transfer,No,0,1,304,1019.0,0.0745829244357213,3,0,1,0,1,3,Budget Conscious
C00075,70,77,7593,Two year,Electronic Check,Yes,0,0,5390,108.47142857142858,0.01014091926774661,1,1,0,0,0,2,At-Risk New Customers
C00076,35,170,936,One year,Bank Transfer,Yes,0,0,5950,26.742857142857144,0.18162393162393162,2,1,1,1,0,1,Growth Accounts
C00077,4,43,7302,Month-to-month,Credit Card,Yes,0,1,172,1825.5,0.005888797589701452,3,1,1,0,1,0,Premium Loyalists
C00078,41,109,7937,Two year,Bank Transfer,Yes,1,0,4469,193.58536585365854,0.013733148544790222,1,1,1,0,0,0,Premium Loyalists
C00079,8,95,3792,One year,Bank Transfer,Yes,1,0,760,474.0,0.025052742616033755,2,1,1,0,1,0,Premium Loyalists
C00080,47,138,6406,Two year,Credit Card,Yes,0,0,6486,136.29787234042553,0.021542304089915705,1,1,1,0,0,0,Premium Loyalists
C00081,35,139,5211,Two year,Bank Transfer,No,0,0,4865,148.88571428571427,0.0266743427365189,1,0,1,0,0,3,Budget Conscious
C00082,30,162,3917,One year,Credit Card,No,0,0,4860,130.56666666666666,0.04135818228235895,2,0,1,1,0,1,Growth Accounts
C00083,27,142,1908,Two year,Bank Transfer,No,1,0,3834,70.66666666666667,0.07442348008385745,1,0,1,0,0,3,Budget Conscious
C00084,50,141,4412,Month-to-month,Credit Card,No,0,0,7050,88.24,0.031958295557570265,3,0,1,0,0,3,Budget Conscious
C00085,51,136,4725,Two year,Bank Transfer,Yes,1,0,6936,92.6470588235294,0.028783068783068782,1,1,1,0,0,0,Premium Loyalists
C00086,63,29,7685,Two year,Credit Card,Yes,1,0,1827,121.98412698412699,0.0037735849056603774,1,1,1,0,0,0,Premium Loyalists
C00087,43,103,2856,One year,Electronic Check,No,1,0,4429,66.4186046511628,0.03606442577030812,2,0,0,0,0,2,At-Risk New Customers
C00088,40,108,2650,One year,Electronic Check,No,1,0,4320,66.25,0.040754716981132075,2,0,0,0,0,2,At-Risk New Customers
C00089,41,177,4075,One year,Bank Transfer,Yes,0,0,7257,99.39024390243902,0.04343558282208589,2,1,1,1,0,1,Growth Accounts
C00090,21,126,7735,One year,Credit Card,Yes,0,0,2646,368.3333333333333,0.016289592760180997,2,1,1,0,0,0,Premium Loyalists
C00091,3,188,2422,Two year,Credit Card,No,1,0,564,807.3333333333334,0.07762180016515277,1,0,1,1,1,1,Growth Accounts
C00092,42,122,1294,Two year,Bank Transfer,No,0,0,5124,30.80952380952381,0.09428129829984544,1,0,1,0,0,3,Budget Conscious
C00093,18,29,7469,Month-to-month,Electronic Check,Yes,0,0,522,414.94444444444446,0.0038827152229214085,3,1,0,0,0,2,At-Risk New Customers
C00094,55,193,4344,Two year,Bank Transfer,No,1,0,10615,78.98181818181818,0.044429097605893184,1,0,1,1,0,1,Growth Accounts
C00095,21,140,3171,One year,Electronic Check,No,1,0,2940,151.0,0.04415011037527594,2,0,0,0,0,2,At-Risk New Customers
C00096,20,150,1780,Month-to-month,Electronic Check,Yes,0,0,3000,89.0,0.08426966292134831,3,1,0,0,0,2,At-Risk New Customers
C00097,15,40,510,Month-to-month,Bank Transfer,No,0,0,600,34.0,0.0784313725490196,3,0,1,0,0,3,Budget Conscious
C00098,42,172,1168,Month-to-month,Bank Transfer,No,1,0,7224,27.80952380952381,0.14726027397260275,3,0,1,1,0,1,Growth Accounts
C00099,10,143,3353,Two year,Electronic Check,No,1,1,1430,335.3,0.04264837458991948,1,0,0,0,1,2,At-Risk New Customers
C00100,39,84,7566,One year,Electronic Check,No,1,0,3276,194.0,0.011102299762093577,2,0,0,0,0,2,At-Risk New Customers
C00101,66,170,1059,Month-to-month,Electronic Check,No,1,0,11220,16.045454545454547,0.16052880075542966,3,0,0,1,0,1,Growth Accounts
C00102,50,130,1087,One year,Electronic Check,Yes,1,0,6500,21.74,0.11959521619135234,2,1,0,0,0,2,At-Risk New Customers
C00103,44,78,6369,One year,Bank Transfer,Yes,1,0,3432,144.75,0.012246820536975978,2,1,1,0,0,0,Premium Loyalists
C00104,7,39,6651,One year,Electronic Check,Yes,1,0,273,950.1428571428571,0.005863779882724403,2,1,0,0,1,2,At-Risk New Customers
C00105,3,115,5547,Two year,Bank Transfer,No,0,1,345,1849.0,0.020731927167838473,1,0,1,0,1,3,Budget Conscious
C00106,21,75,7026,Two year,Bank Transfer,Yes,1,0,1575,334.57142857142856,0.01067463706233988,1,1,1,0,0,0,Premium Loyalists
C00107,3,59,7111,Month-to-month,Credit Card,Yes,1,1,177,2370.3333333333335,0.00829700464069751,3,1,1,0,1,0,Premium Loyalists
C00108,18,56,7925,One year,Electronic Check,No,0,0,1008,440.27777777777777,0.007066246056782334,2,0,0,0,0,2,At-Risk New Customers
C00109,48,152,4042,One year,Electronic Check,Yes,1,0,7296,84.20833333333333,0.0376051459673429,2,1,0,0,0,2,At-Risk New Customers
C00110,32,24,2939,Two year,Electronic Check,Yes,1,0,768,91.84375,0.008166042871725076,1,1,0,0,0,2,At-Risk New Customers
C00111,41,88,3461,One year,Bank Transfer,Yes,1,0,3608,84.41463414634147,0.02542617740537417,2,1,1,0,0,0,Premium Loyalists
C00112,55,87,3353,Two year,Credit Card,No,1,0,4785,60.96363636363636,0.02594691321204891,1,0,1,0,0,3,Budget Conscious
C00113,15,102,1746,Month-to-month,Credit Card,No,1,0,1530,116.4,0.058419243986254296,3,0,1,0,0,3,Budget Conscious
C00114,31,111,2539,Month-to-month,Credit Card,No,0,0,3441,81.90322580645162,0.043717999212288305,3,0,1,0,0,3,Budget Conscious
C00115,33,160,2315,One year,Bank Transfer,No,0,0,5280,70.15151515151516,0.06911447084233262,2,0,1,1,0,1,Growth Accounts
C00116,70,164,5320,One year,Credit Card,No,0,0,11480,76.0,0.030827067669172932,2,0,1,1,0,1,Growth Accounts
C00117,14,187,2225,Two year,Electronic Check,Yes,0,0,2618,158.92857142857142,0.08404494382022472,1,1,0,1,0,1,Growth Accounts
C00118,35,98,4023,Two year,Bank Transfer,Yes,0,0,3430,114.94285714285714,0.024359930400198855,1,1,1,0,0,0,Premium Loyalists
C00119,56,83,562,Month-to-month,Bank Transfer,Yes,0,0,4648,10.035714285714286,0.14768683274021352,3,1,1,0,0,0,Premium Loyalists
C00120,62,75,2451,One year,Credit Card,No,0,0,4650,39.53225806451613,0.030599755201958383,2,0,1,0,0,3,Budget Conscious
C00121,30,107,6906,One year,Credit Card,Yes,1,0,3210,230.2,0.015493773530263539,2,1,1,0,0,0,Premium Loyalists
C00122,15,147,2687,One year,Electronic Check,No,0,0,2205,179.13333333333333,0.054707852623743954,2,0,0,0,0,2,At-Risk New Customers
C00123,41,114,2419,Two year,Bank Transfer,No,1,0,4674,59.0,0.04712691194708557,1,0,1,0,0,3,Budget Conscious
C00124,27,50,2751,Two year,Electronic Check,Yes,1,0,1350,101.88888888888889,0.01817520901490367,1,1,0,0,0,2,At-Risk New Customers
C00125,4,177,950,Month-to-month,Credit Card,Yes,0,1,708,237.5,0.1863157894736842,3,1,1,1,1,1,Growth Accounts
C00126,62,183,7208,Two year,Electronic Check,Yes,1,0,11346,116.25806451612904,0.025388457269700335,1,1,0,1,0,1,Growth Accounts
C00127,31,62,5887,One year,Bank Transfer,No,1,0,1922,189.90322580645162,0.010531679972821471,2,0,1,0,0,3,Budget Conscious
C00128,13,137,7128,One year,Bank Transfer,Yes,0,0,1781,548.3076923076923,0.019219977553310886,2,1,1,0,0,0,Premium Loyalists
C00129,20,179,2692,Month-to-month,Bank Transfer,Yes,1,0,3580,134.6,0.06649331352154532,3,1,1,1,0,1,Growth Accounts
C00130,8,174,3979,Two year,Credit Card,Yes,0,1,1392,497.375,0.04372958029655692,1,1,1,1,1,1,Growth Accounts
C00131,2,125,7858,Month-to-month,Electronic Check,No,1,1,250,3929.0,0.015907355561211506,3,0,0,0,1,2,At-Risk New Customers
C00132,3,79,891,Month-to-month,Credit Card,No,1,1,237,297.0,0.08866442199775533,3,0,1,0,1,3,Budget Conscious
C00133,48,92,5908,Two year,Bank Transfer,Yes,0,0,4416,123.08333333333333,0.015572105619498984,1,1,1,0,0,0,Premium Loyalists
C00134,15,28,6569,Month-to-month,Credit Card,No,1,0,420,437.93333333333334,0.004262444816562643,3,0,1,0,0,3,Budget Conscious
C00135,64,101,5706,Month-to-month,Bank Transfer,Yes,1,0,6464,89.15625,0.017700665965650193,3,1,1,0,0,0,Premium Loyalists
C00136,52,152,4318,Two year,Bank Transfer,Yes,0,0,7904,83.03846153846153,0.03520148216767022,1,1,1,0,0,0,Premium Loyalists
C00137,10,134,4476,Month-to-month,Electronic Check,No,0,1,1340,447.6,0.02993744414655943,3,0,0,0,1,2,At-Risk New Customers
C00138,30,188,4095,Two year,Electronic Check,Yes,0,0,5640,136.5,0.04590964590964591,1,1,0,1,0,1,Growth Accounts
C00139,27,67,3567,Month-to-month,Credit Card,Yes,1,0,1809,132.11111111111111,0.018783291281188674,3,1,1,0,0,0,Premium Loyalists
C00140,2,184,5021,One year,Electronic Check,Yes,1,1,368,2510.5,0.03664608643696475,2,1,0,1,1,1,Growth Accounts
C00141,46,112,6817,Two year,Electronic Check,No,0,0,5152,148.19565217391303,0.01642951444917119,1,0,0,0,0,2,At-Risk New Customers
C00142,11,115,1713,Two year,Bank Transfer,Yes,1,1,1265,155.72727272727272,0.06713368359603035,1,1,1,0,1,0,Premium Loyalists
C00143,64,167,3677,Month-to-month,Bank Transfer,No,0,0,10688,57.453125,0.045417459885776446,3,0,1,1,0,1,Growth Accounts
C00144,65,47,5540,One year,Bank Transfer,Yes,1,0,3055,85.23076923076923,0.00848375451263538,2,1,1,0,0,0,Premium Loyalists
C00145,21,173,7651,Two year,Bank Transfer,Yes,0,0,3633,364.3333333333333,0.02261142334335381,1,1,1,1,0,1,Growth Accounts
C00146,29,42,2058,One year,Credit Card,No,1,0,1218,70.96551724137932,0.02040816326530612,2,0,1,0,0,3,Budget Conscious
C00147,6,133,7448,One year,Credit Card,No,0,1,798,1241.3333333333333,0.017857142857142856,2,0,1,0,1,3,Budget Conscious
C00148,34,24,2004,Two year,Bank Transfer,Yes,1,0,816,58.94117647058823,0.011976047904191617,1,1,1,0,0,0,Premium Loyalists
C00149,20,114,1250,One year,Bank Transfer,Yes,0,0,2280,62.5,0.0912,2,1,1,0,0,0,Premium Loyalists
C00150,42,132,3139,Month-to-month,Electronic Check,No,0,0,5544,74.73809523809524,0.042051608792609114,3,0,0,0,0,2,At-Risk New Customers
C00151,5,105,5965,One year,Credit Card,No,0,1,525,1193.0,0.01760268231349539,2,0,1,0,1,3,Budget Conscious
C00152,45,139,7654,Month-to-month,Credit Card,No,1,0,6255,170.0888888888889,0.018160438986151033,3,0,1,0,0,3,Budget Conscious
C00153,21,156,6366,Two year,Electronic Check,No,0,0,3276,303.14285714285717,0.024505183788878417,1,0,0,0,0,2,At-Risk New Customers
C00154,37,158,3355,Two year,Electronic Check,No,0,0,5846,90.67567567567568,0.04709388971684054,1,0,0,1,0,1,Growth Accounts
C00155,68,40,5920,Month-to-month,Bank Transfer,Yes,1,0,2720,87.05882352941177,0.006756756756756757,3,1,1,0,0,0,Premium Loyalists
C00156,26,148,4601,One year,Bank Transfer,Yes,0,0,3848,176.96153846153845,0.03216692023473158,2,1,1,0,0,0,Premium Loyalists
C00157,26,78,5632,Two year,Electronic Check,Yes,1,0,2028,216.6153846153846,0.013849431818181818,1,1,0,0,0,2,At-Risk New Customers
C00158,1,86,7217,Two year,Bank Transfer,Yes,0,0,86,7217.0,0.01191630871553277,1,1,1,0,1,0,Premium Loyalists
C00159,47,182,3250,One year,Electronic Check,No,1,0,8554,69.14893617021276,0.056,2,0,0,1,0,1,Growth Accounts
C00160,30,154,4096,One year,Bank Transfer,Yes,0,0,4620,136.53333333333333,0.03759765625,2,1,1,0,0,0,Premium Loyalists
C00161,51,78,984,Month-to-month,Electronic Check,Yes,1,0,3978,19.294117647058822,0.07926829268292683,3,1,0,0,0,2,At-Risk New Customers
C00162,13,90,347,One year,Electronic Check,Yes,0,0,1170,26.692307692307693,0.25936599423631124,2,1,0,0,0,2,At-Risk New Customers
C00163,64,185,3916,One year,Credit Card,Yes,1,0,11840,61.1875,0.047242083758937695,2,1,1,1,0,1,Growth Accounts
C00164,60,171,220,Month-to-month,Credit Card,No,1,0,10260,3.6666666666666665,0.7772727272727272,3,0,1,1,0,1,Growth Accounts
C00165,69,48,3419,One year,Bank Transfer,Yes,1,0,3312,49.55072463768116,0.014039192746417082,2,1,1,0,0,0,Premium Loyalists
C00166,40,105,791,One year,Credit Card,Yes,0,0,4200,19.775,0.13274336283185842,2,1,1,0,0,0,Premium Loyalists
C00167,23,110,6723,Two year,Bank Transfer,Yes,1,0,2530,292.30434782608694,0.016361743269373792,1,1,1,0,0,0,Premium Loyalists
C00168,42,80,5832,One year,Electronic Check,No,1,0,3360,138.85714285714286,0.013717421124828532,2,0,0,0,0,2,At-Risk New Customers
C00169,13,99,2938,Month-to-month,Credit Card,No,0,0,1287,226.0,0.03369639210347175,3,0,1,0,0,3,Budget Conscious
C00170,24,84,6882,One year,Credit Card,Yes,0,0,2016,286.75,0.012205754141238012,2,1,1,0,0,0,Premium Loyalists
C00171,22,61,5363,Two year,Bank Transfer,Yes,1,0,1342,243.77272727272728,0.011374230840947231,1,1,1,0,0,0,Premium Loyalists
C00172,10,115,3717,One year,Electronic Check,Yes,0,1,1150,371.7,0.03093892924401399,2,1,0,0,1,2,At-Risk New Customers
C00173,62,160,1811,Month-to-month,Credit Card,Yes,1,0,9920,29.20967741935484,0.0883489784649365,3,1,1,1,0,1,Growth Accounts
C00174,5,145,1090,Month-to-month,Credit Card,No,1,1,725,218.0,0.13302752293577982,3,0,1,0,1,3,Budget Conscious
C00175,20,76,6396,Two year,Credit Card,Yes,1,0,1520,319.8,0.011882426516572859,1,1,1,0,0,0,Premium Loyalists
C00176,68,67,1797,Two year,Electronic Check,No,1,0,4556,26.426470588235293,0.03728436282693378,1,0,0,0,0,2,At-Risk New Customers
C00177,42,50,279,One year,Electronic Check,No,0,0,2100,6.642857142857143,0.17921146953405018,2,0,0,0,0,2,At-Risk New Customers
C00178,3,180,3232,One year,Bank Transfer,No,0,0,540,1077.3333333333333,0.055693069306930694,2,0,1,1,1,1,Growth Accounts
C00179,68,193,3285,One year,Credit Card,No,0,0,13124,48.30882352941177,0.05875190258751903,2,0,1,1,0,1,Growth Accounts
C00180,52,39,3233,Two year,Credit Card,Yes,1,0,2028,62.17307692307692,0.012063099288586452,1,1,1,0,0,0,Premium Loyalists
C00181,4,135,4742,Month-to-month,Credit Card,No,1,1,540,1185.5,0.02846900042176297,3,0,1,0,1,3,Budget Conscious
C00182,13,64,4297,Month-to-month,Bank Transfer,Yes,1,0,832,330.53846153846155,0.01489411217128229,3,1,1,0,0,0,Premium Loyalists
C00183,56,151,735,Two year,Credit Card,Yes,1,0,8456,13.125,0.2054421768707483,1,1,1,0,0,0,Premium Loyalists
C00184,61,29,2290,One year,Credit Card,Yes,0,0,1769,37.540983606557376,0.012663755458515284,2,1,1,0,0,0,Premium Loyalists
C00185,47,130,2289,Month-to-month,Bank Transfer,Yes,0,0,6110,48.702127659574465,0.05679335954565312,3,1,1,0,0,0,Premium Loyalists
C00186,59,93,7342,Month-to-month,Bank Transfer,No,0,0,5487,124.44067796610169,0.012666848270226096,3,0,1,0,0,3,Budget Conscious
C00187,47,199,6905,Two year,Electronic Check,Yes,1,0,9353,146.91489361702128,0.02881969587255612,1,1,0,1,0,1,Growth Accounts
C00188,49,163,3776,One year,Bank Transfer,No,0,0,7987,77.06122448979592,0.043167372881355935,2,0,1,1,0,1,Growth Accounts
C00189,31,100,4971,One year,Electronic Check,Yes,0,0,3100,160.3548387096774,0.020116676725005028,2,1,0,0,0,2,At-Risk New Customers
C00190,52,185,7330,Two year,Credit Card,Yes,0,0,9620,140.96153846153845,0.0252387448840382,1,1,1,1,0,1,Growth Accounts
C00191,46,51,466,One year,Bank Transfer,Yes,0,0,2346,10.130434782608695,0.10944206008583691,2,1,1,0,0,0,Premium Loyalists
C00192,43,31,7992,Month-to-month,Credit Card,No,0,0,1333,185.86046511627907,0.003878878878878879,3,0,1,0,0,3,Budget Conscious
C00193,65,158,3712,One year,Credit Card,No,0,0,10270,57.10769230769231,0.04256465517241379,2,0,1,1,0,1,Growth Accounts
C00194,71,138,6231,Month-to-month,Electronic Check,No,0,0,9798,87.7605633802817,0.022147327876745306,3,0,0,0,0,2,At-Risk New Customers
C00195,27,121,4317,One year,Bank Transfer,No,0,0,3267,159.88888888888889,0.028028723650683346,2,0,1,0,0,3,Budget Conscious
C00196,30,133,3029,Month-to-month,Credit Card,Yes,1,0,3990,100.96666666666667,0.043908880818752064,3,1,1,0,0,0,Premium Loyalists
C00197,37,152,2750,One year,Credit Card,No,0,0,5624,74.32432432432432,0.05527272727272727,2,0,1,0,0,3,Budget Conscious
C00198,37,34,6987,Month-to-month,Electronic Check,No,1,0,1258,188.83783783783784,0.004866180048661801,3,0,0,0,0,2,At-Risk New Customers
C00199,3,63,1535,Two year,Electronic Check,No,0,0,189,511.6666666666667,0.04104234527687296,1,0,0,0,1,2,At-Risk New Customers
C00200,42,143,7310,One year,Electronic Check,Yes,0,0,6006,174.04761904761904,0.019562243502051983,2,1,0,0,0,2,At-Risk New Customers
C00201,50,170,3185,Two year,Electronic Check,No,0,0,8500,63.7,0.05337519623233909,1,0,0,1,0,1,Growth Accounts
C00202,50,169,159,One year,Bank Transfer,No,0,0,8450,3.18,1.0628930817610063,2,0,1,1,0,1,Growth Accounts
C00203,29,189,5035,One year,Credit Card,Yes,1,0,5481,173.6206896551724,0.03753723932472691,2,1,1,1,0,1,Growth Accounts
C00204,15,55,5421,Two year,Credit Card,No,0,0,825,361.4,0.010145729570190002,1,0,1,0,0,3,Budget Conscious
C00205,69,40,3396,Month-to-month,Credit Card,Yes,0,0,2760,49.21739130434783,0.011778563015312132,3,1,1,0,0,0,Premium Loyalists
C00206,69,94,5765,Month-to-month,Electronic Check,Yes,0,0,6486,83.55072463768116,0.016305290546400692,3,1,0,0,0,2,At-Risk New Customers
C00207,57,32,4351,One year,Bank Transfer,No,0,0,1824,76.33333333333333,0.007354631119282923,2,0,1,0,0,3,Budget Conscious
C00208,70,171,4801,Month-to-month,Electronic Check,No,0,0,11970,68.58571428571429,0.03561757967090189,3,0,0,1,0,1,Growth Accounts
C00209,46,199,4023,Month-to-month,Electronic Check,Yes,0,0,9154,87.45652173913044,0.04946557295550584,3,1,0,1,0,1,Growth Accounts
C00210,65,82,7742,Two year,Credit Card,Yes,0,0,5330,119.1076923076923,0.010591578403513303,1,1,1,0,0,0,Premium Loyalists
C00211,65,113,2956,Month-to-month,Credit Card,Yes,0,0,7345,45.47692307692308,0.03822733423545332,3,1,1,0,0,0,Premium Loyalists
C00212,51,160,4278,Two year,Credit Card,No,1,0,8160,83.88235294117646,0.03740065451145395,1,0,1,1,0,1,Growth Accounts
C00213,44,59,1893,Month-to-month,Credit Card,Yes,0,0,2596,43.02272727272727,0.03116745905969361,3,1,1,0,0,0,Premium Loyalists
C00214,7,142,3099,Month-to-month,Bank Transfer,No,1,1,994,442.7142857142857,0.04582123265569538,3,0,1,0,1,3,Budget Conscious
C00215,59,29,1393,One year,Electronic Check,Yes,0,0,1711,23.610169491525422,0.0208183776022972,2,1,0,0,0,2,At-Risk New Customers
C00216,8,102,2161,One year,Bank Transfer,Yes,1,0,816,270.125,0.047200370198981954,2,1,1,0,1,0,Premium Loyalists
C00217,10,152,5250,Month-to-month,Credit Card,Yes,1,1,1520,525.0,0.02895238095238095,3,1,1,0,1,0,Premium Loyalists
C00218,67,182,6193,Two year,Bank Transfer,Yes,0,0,12194,92.43283582089552,0.029388018730825125,1,1,1,1,0,1,Growth Accounts
C00219,45,177,3091,One year,Bank Transfer,No,0,0,7965,68.68888888888888,0.05726302167583306,2,0,1,1,0,1,Growth Accounts
C00220,33,198,2226,Two year,Bank Transfer,Yes,0,0,6534,67.45454545454545,0.0889487870619946,1,1,1,1,0,1,Growth Accounts
C00221,57,118,5412,Two year,Credit Card,No,1,0,6726,94.94736842105263,0.02180339985218034,1,0,1,0,0,3,Budget Conscious
C00222,67,37,1247,Month-to-month,Credit Card,No,1,0,2479,18.611940298507463,0.02967121090617482,3,0,1,0,0,3,Budget Conscious
C00223,31,70,1256,Month-to-month,Credit Card,No,0,0,2170,40.516129032258064,0.05573248407643312,3,0,1,0,0,3,Budget Conscious
C00224,19,43,6118,One year,Electronic Check,Yes,0,0,817,322.0,0.007028440666884603,2,1,0,0,0,2,At-Risk New Customers
C00225,40,156,7024,One year,Electronic Check,No,0,0,6240,175.6,0.022209567198177675,2,0,0,0,0,2,At-Risk New Customers
C00226,24,142,7012,One year,Credit Card,Yes,0,0,3408,292.1666666666667,0.020250998288648032,2,1,1,0,0,0,Premium Loyalists
C00227,57,123,5830,Month-to-month,Bank Transfer,Yes,0,0,7011,102.28070175438596,0.02109777015437393,3,1,1,0,0,0,Premium Loyalists
C00228,53,183,4023,Two year,Electronic Check,Yes,1,0,9699,75.90566037735849,0.04548844146159582,1,1,0,1,0,1,Growth Accounts
C00229,24,32,1635,One year,Bank Transfer,No,1,0,768,68.125,0.019571865443425075,2,0,1,0,0,3,Budget Conscious
C00230,32,149,5477,Two year,Bank Transfer,No,1,0,4768,171.15625,0.027204674091656018,1,0,1,0,0,3,Budget Conscious
C00231,33,99,3225,One year,Credit Card,No,1,0,3267,97.72727272727273,0.030697674418604652,2,0,1,0,0,3,Budget Conscious
C00232,20,151,2681,One year,Credit Card,No,1,0,3020,134.05,0.05632226781051846,2,0,1,0,0,3,Budget Conscious
C00233,12,52,7459,Two year,Electronic Check,No,0,0,624,621.5833333333334,0.006971443893283282,1,0,0,0,1,2,At-Risk New Customers
C00234,61,24,217,One year,Electronic Check,No,1,0,1464,3.557377049180328,0.11059907834101383,2,0,0,0,0,2,At-Risk New Customers
C00235,65,94,7183,One year,Bank Transfer,No,1,0,6110,110.50769230769231,0.013086454127801754,2,0,1,0,0,3,Budget Conscious
C00236,13,115,6305,Two year,Credit Card,No,1,0,1495,485.0,0.01823949246629659,1,0,1,0,0,3,Budget Conscious
C00237,61,51,810,One year,Bank Transfer,No,0,0,3111,13.278688524590164,0.06296296296296296,2,0,1,0,0,3,Budget Conscious
C00238,33,151,6705,Month-to-month,Bank Transfer,No,1,0,4983,203.1818181818182,0.022520507084265475,3,0,1,0,0,3,Budget Conscious
C00239,21,138,6404,Two year,Credit Card,Yes,1,0,2898,304.95238095238096,0.021549031855090568,1,1,1,0,0,0,Premium Loyalists
C00240,56,108,6378,Two year,Bank Transfer,Yes,1,0,6048,113.89285714285714,0.016933207902163686,1,1,1,0,0,0,Premium Loyalists
C00241,69,121,7669,One year,Electronic Check,Yes,0,0,8349,111.14492753623189,0.015777806754466033,2,1,0,0,0,2,At-Risk New Customers
C00242,16,196,7704,Two year,Electronic Check,No,0,0,3136,481.5,0.02544132917964694,1,0,0,1,0,1,Growth Accounts
C00243,28,33,1099,Two year,Credit Card,No,1,0,924,39.25,0.03002729754322111,1,0,1,0,0,3,Budget Conscious
C00244,53,123,4561,One year,Bank Transfer,Yes,1,0,6519,86.05660377358491,0.02696777022582767,2,1,1,0,0,0,Premium Loyalists
C00245,23,104,2991,Two year,Electronic Check,No,0,0,2392,130.04347826086956,0.034770979605483116,1,0,0,0,0,2,At-Risk New Customers
C00246,15,60,3032,Month-to-month,Bank Transfer,No,1,0,900,202.13333333333333,0.01978891820580475,3,0,1,0,0,3,Budget Conscious
C00247,43,130,6856,One year,Bank Transfer,No,0,0,5590,159.4418604651163,0.018961493582263712,2,0,1,0,0,3,Budget Conscious
C00248,60,48,4747,One year,Bank Transfer,No,1,0,2880,79.11666666666666,0.010111649462818622,2,0,1,0,0,3,Budget Conscious
C00249,48,79,3083,One year,Bank Transfer,Yes,1,0,3792,64.22916666666667,0.025624391826143365,2,1,1,0,0,0,Premium Loyalists
C00250,58,90,3841,Two year,Electronic Check,No,1,0,5220,66.22413793103448,0.02343139807341838,1,0,0,0,0,2,At-Risk New Customers
C00251,24,48,1639,Month-to-month,Electronic Check,Yes,0,0,1152,68.29166666666667,0.02928615009151922,3,1,0,0,0,2,At-Risk New Customers
C00252,9,138,515,Two year,Credit Card,No,0,1,1242,57.22222222222222,0.26796116504854367,1,0,1,0,1,3,Budget Conscious
C00253,55,71,1965,Two year,Credit Card,Yes,1,0,3905,35.72727272727273,0.036132315521628496,1,1,1,0,0,0,Premium Loyalists
C00254,26,182,3882,Month-to-month,Electronic Check,Yes,0,0,4732,149.30769230769232,0.04688304997424008,3,1,0,1,0,1,Growth Accounts
C00255,31,88,4230,Two year,Electronic Check,No,1,0,2728,136.4516129032258,0.020803782505910164,1,0,0,0,0,2,At-Risk New Customers
C00256,29,178,7961,Two year,Electronic Check,Yes,0,0,5162,274.51724137931035,0.02235900012561236,1,1,0,1,0,1,Growth Accounts
C00257,65,30,6769,Month-to-month,Credit Card,No,0,0,1950,104.13846153846154,0.004431969271679716,3,0,1,0,0,3,Budget Conscious
C00258,50,120,1839,Two year,Credit Card,Yes,0,0,6000,36.78,0.06525285481239804,1,1,1,0,0,0,Premium Loyalists
C00259,54,191,6674,Two year,Credit Card,No,1,0,10314,123.5925925925926,0.02861851962840875,1,0,1,1,0,1,Growth Accounts
C00260,31,85,1935,One year,Electronic Check,Yes,0,0,2635,62.41935483870968,0.04392764857881137,2,1,0,0,0,2,At-Risk New Customers
C00261,49,41,7108,Two year,Bank Transfer,Yes,1,0,2009,145.0612244897959,0.005768148564997186,1,1,1,0,0,0,Premium Loyalists
C00262,44,176,4069,Two year,Bank Transfer,No,0,0,7744,92.47727272727273,0.04325387072990907,1,0,1,1,0,1,Growth Accounts
C00263,1,39,2429,Month-to-month,Credit Card,Yes,1,1,39,2429.0,0.016055990119390694,3,1,1,0,1,0,Premium Loyalists
C00264,71,156,812,One year,Credit Card,No,0,0,11076,11.43661971830986,0.1921182266009852,2,0,1,0,0,3,Budget Conscious
C00265,34,172,1619,Two year,Electronic Check,Yes,1,0,5848,47.61764705882353,0.10623841877702285,1,1,0,1,0,1,Growth Accounts
C00266,6,115,1677,Two year,Bank Transfer,Yes,1,0,690,279.5,0.06857483601669648,1,1,1,0,1,0,Premium Loyalists
C00267,29,92,1792,Month-to-month,Credit Card,Yes,0,0,2668,61.793103448275865,0.05133928571428571,3,1,1,0,0,0,Premium Loyalists
C00268,69,177,2153,Two year,Bank Transfer,No,0,0,12213,31.202898550724637,0.08221086855550395,1,0,1,1,0,1,Growth Accounts
C00269,19,63,1186,Two year,Electronic Check,No,1,0,1197,62.421052631578945,0.05311973018549747,1,0,0,0,0,2,At-Risk New Customers
C00270,43,81,7187,Two year,Credit Card,No,1,0,3483,167.13953488372093,0.011270349241686378,1,0,1,0,0,3,Budget Conscious
C00271,8,160,7182,Month-to-month,Bank Transfer,No,1,1,1280,897.75,0.02227791701475912,3,0,1,1,1,1,Growth Accounts
C00272,43,85,6192,One year,Credit Card,Yes,1,0,3655,144.0,0.013727390180878552,2,1,1,0,0,0,Premium Loyalists
C00273,29,64,6131,One year,Electronic Check,Yes,0,0,1856,211.41379310344828,0.010438753873756321,2,1,0,0,0,2,At-Risk New Customers
C00274,67,142,1008,Month-to-month,Electronic Check,No,1,0,9514,15.044776119402986,0.14087301587301587,3,0,0,0,0,2,At-Risk New Customers
C00275,66,196,2989,Month-to-month,Electronic Check,No,0,0,12936,45.28787878787879,0.06557377049180328,3,0,0,1,0,1,Growth Accounts
C00276,49,94,4521,One year,Bank Transfer,Yes,1,0,4606,92.26530612244898,0.0207918602079186,2,1,1,0,0,0,Premium Loyalists
C00277,58,174,1493,Two year,Credit Card,No,0,0,10092,25.74137931034483,0.11654387139986604,1,0,1,1,0,1,Growth Accounts
C00278,3,72,4282,One year,Credit Card,Yes,0,0,216,1427.3333333333333,0.01681457262961233,2,1,1,0,1,0,Premium Loyalists
C00279,66,128,7087,One year,Electronic Check,No,1,0,8448,107.37878787878788,0.018061238888104982,2,0,0,0,0,2,At-Risk New Customers
C00280,57,43,6209,Two year,Bank Transfer,No,1,0,2451,108.9298245614035,0.006925430826220004,1,0,1,0,0,3,Budget Conscious
C00281,17,25,7759,Two year,Credit Card,No,1,0,425,456.4117647058824,0.003222064699059157,1,0,1,0,0,3,Budget Conscious
C00282,18,158,7475,Two year,Electronic Check,Yes,0,0,2844,415.27777777777777,0.021137123745819397,1,1,0,1,0,1,Growth Accounts
C00283,2,56,7493,Month-to-month,Electronic Check,No,1,1,112,3746.5,0.0074736420659281995,3,0,0,0,1,2,At-Risk New Customers
C00284,13,94,261,Month-to-month,Bank Transfer,Yes,0,0,1222,20.076923076923077,0.36015325670498083,3,1,1,0,0,0,Premium Loyalists
C00285,26,171,6538,Two year,Credit Card,Yes,0,0,4446,251.46153846153845,0.026154787396757417,1,1,1,1,0,1,Growth Accounts
C00286,48,80,6186,Month-to-month,Electronic Check,Yes,1,0,3840,128.875,0.012932428063368898,3,1,0,0,0,2,At-Risk New Customers
C00287,11,60,627,One year,Electronic Check,No,0,0,660,57.0,0.09569377990430622,2,0,0,0,1,2,At-Risk New Customers
C00288,42,83,1173,One year,Bank Transfer,Yes,0,0,3486,27.928571428571427,0.07075873827791987,2,1,1,0,0,0,Premium Loyalists
C00289,22,58,6472,One year,Electronic Check,No,1,0,1276,294.1818181818182,0.00896168108776267,2,0,0,0,0,2,At-Risk New Customers
C00290,57,123,5518,One year,Credit Card,Yes,1,0,7011,96.80701754385964,0.022290685030808263,2,1,1,0,0,0,Premium Loyalists
C00291,63,177,5573,One year,Credit Card,Yes,0,0,11151,88.46031746031746,0.031760272743585144,2,1,1,1,0,1,Growth Accounts
C00292,65,59,6420,Two year,Credit Card,No,0,0,3835,98.76923076923077,0.009190031152647975,1,0,1,0,0,3,Budget Conscious
C00293,13,140,727,One year,Bank Transfer,Yes,0,0,1820,55.92307692307692,0.19257221458046767,2,1,1,0,0,0,Premium Loyalists
C00294,70,128,5423,Month-to-month,Bank Transfer,Yes,0,0,8960,77.47142857142858,0.02360317167619399,3,1,1,0,0,0,Premium Loyalists
C00295,6,59,6657,Two year,Credit Card,No,0,0,354,1109.5,0.00886285113414451,1,0,1,0,1,3,Budget Conscious
C00296,66,44,1995,One year,Electronic Check,Yes,0,0,2904,30.227272727272727,0.02205513784461153,2,1,0,0,0,2,At-Risk New Customers
C00297,15,163,4659,Month-to-month,Credit Card,No,0,0,2445,310.6,0.034986048508263576,3,0,1,1,0,1,Growth Accounts
C00298,66,136,7139,Month-to-month,Bank Transfer,No,0,0,8976,108.16666666666667,0.019050287155063735,3,0,1,0,0,3,Budget Conscious
C00299,47,193,5219,Two year,Credit Card,No,1,0,9071,111.04255319148936,0.03698026441847097,1,0,1,1,0,1,Growth Accounts
C00300,26,93,3151,One year,Electronic Check,Yes,0,0,2418,121.1923076923077,0.02951443986036179,2,1,0,0,0,2,At-Risk New Customers
C00301,14,176,5655,One year,Credit Card,Yes,1,0,2464,403.92857142857144,0.03112290008841733,2,1,1,1,0,1,Growth Accounts
C00302,65,84,1193,Month-to-month,Electronic Check,No,1,0,5460,18.353846153846153,0.07041072925398156,3,0,0,0,0,2,At-Risk New Customers
C00303,58,128,7204,Month-to-month,Bank Transfer,Yes,0,0,7424,124.20689655172414,0.01776790671848973,3,1,1,0,0,0,Premium Loyalists
C00304,21,179,840,One year,Bank Transfer,Yes,1,0,3759,40.0,0.2130952380952381,2,1,1,1,0,1,Growth Accounts
C00305,61,61,7474,Month-to-month,Credit Card,No,1,0,3721,122.52459016393442,0.008161626973508161,3,0,1,0,0,3,Budget Conscious
C00306,11,88,7410,One year,Credit Card,No,0,0,968,673.6363636363636,0.011875843454790824,2,0,1,0,1,3,Budget Conscious
C00307,20,107,2288,Two year,Bank Transfer,Yes,1,0,2140,114.4,0.046765734265734264,1,1,1,0,0,0,Premium Loyalists
C00308,55,169,1513,Two year,Electronic Check,No,0,0,9295,27.509090909090908,0.1116986120290813,1,0,0,1,0,1,Growth Accounts
C00309,9,149,1431,Month-to-month,Electronic Check,No,0,1,1341,159.0,0.10412299091544375,3,0,0,0,1,2,At-Risk New Customers
C00310,41,98,7631,One year,Bank Transfer,Yes,0,0,4018,186.1219512195122,0.012842353557856113,2,1,1,0,0,0,Premium Loyalists
C00311,58,72,6062,Month-to-month,Bank Transfer,No,0,0,4176,104.51724137931035,0.011877268228307489,3,0,1,0,0,3,Budget Conscious
C00312,61,177,5838,Month-to-month,Credit Card,Yes,1,0,10797,95.70491803278688,0.030318602261048305,3,1,1,1,0,1,Growth Accounts
C00313,32,100,7901,One year,Credit Card,Yes,0,0,3200,246.90625,0.012656625743576762,2,1,1,0,0,0,Premium Loyalists
C00314,46,192,169,Month-to-month,Bank Transfer,Yes,0,0,8832,3.6739130434782608,1.136094674556213,3,1,1,1,0,1,Growth Accounts
C00315,28,185,4320,One year,Credit Card,No,0,0,5180,154.28571428571428,0.04282407407407408,2,0,1,1,0,1,Growth Accounts
C00316,39,166,805,One year,Credit Card,No,1,0,6474,20.641025641025642,0.2062111801242236,2,0,1,1,0,1,Growth Accounts
C00317,61,99,6541,Month-to-month,Electronic Check,No,0,0,6039,107.22950819672131,0.01513530041278092,3,0,0,0,0,2,At-Risk New Customers
C00318,38,63,5531,Month-to-month,Electronic Check,No,1,0,2394,145.55263157894737,0.011390345326342434,3,0,0,0,0,2,At-Risk New Customers
C00319,34,90,7911,Month-to-month,Electronic Check,No,0,0,3060,232.6764705882353,0.011376564277588168,3,0,0,0,0,2,At-Risk New Customers
C00320,43,63,4351,Two year,Bank Transfer,Yes,0,0,2709,101.18604651162791,0.014479430016088255,1,1,1,0,0,0,Premium Loyalists
C00321,25,156,3381,One year,Bank Transfer,No,1,0,3900,135.24,0.04614019520851819,2,0,1,0,0,3,Budget Conscious
C00322,52,60,2095,Two year,Bank Transfer,Yes,1,0,3120,40.28846153846154,0.028639618138424822,1,1,1,0,0,0,Premium Loyalists
C00323,18,147,2845,Month-to-month,Bank Transfer,Yes,0,0,2646,158.05555555555554,0.051669595782073814,3,1,1,0,0,0,Premium Loyalists
C00324,9,55,4064,Month-to-month,Bank Transfer,Yes,0,1,495,451.55555555555554,0.013533464566929134,3,1,1,0,1,0,Premium Loyalists
C00325,57,80,177,One year,Credit Card,No,0,0,4560,3.1052631578947367,0.4519774011299435,2,0,1,0,0,3,Budget Conscious
C00326,45,125,5533,One year,Credit Card,No,0,0,5625,122.95555555555555,0.022591722392915237,2,0,1,0,0,3,Budget Conscious
C00327,51,98,6795,Two year,Credit Card,Yes,1,0,4998,133.23529411764707,0.014422369389256806,1,1,1,0,0,0,Premium Loyalists
C00328,57,115,7867,Month-to-month,Electronic Check,Yes,0,0,6555,138.01754385964912,0.014618024659972036,3,1,0,0,0,2,At-Risk New Customers
C00329,29,90,2039,One year,Credit Card,No,0,0,2610,70.3103448275862,0.04413928396272683,2,0,1,0,0,3,Budget Conscious
C00330,50,151,3525,One year,Electronic Check,Yes,0,0,7550,70.5,0.04283687943262411,2,1,0,0,0,2,At-Risk New Customers
C00331,25,180,6676,Two year,Electronic Check,No,1,0,4500,267.04,0.02696225284601558,1,0,0,1,0,1,Growth Accounts
C00332,55,84,4026,Month-to-month,Credit Card,Yes,0,0,4620,73.2,0.020864381520119227,3,1,1,0,0,0,Premium Loyalists
C00333,31,40,7644,One year,Credit Card,No,0,0,1240,246.58064516129033,0.0052328623757195184,2,0,1,0,0,3,Budget Conscious
C00334,11,185,7387,One year,Bank Transfer,Yes,0,0,2035,671.5454545454545,0.02504399620955733,2,1,1,1,1,1,Growth Accounts
C00335,43,70,1690,Month-to-month,Bank Transfer,No,1,0,3010,39.30232558139535,0.04142011834319527,3,0,1,0,0,3,Budget Conscious
C00336,18,188,2878,Month-to-month,Electronic Check,No,0,0,3384,159.88888888888889,0.06532314107018763,3,0,0,1,0,1,Growth Accounts
C00337,9,24,3090,Two year,Electronic Check,No,1,0,216,343.3333333333333,0.007766990291262136,1,0,0,0,1,2,At-Risk New Customers
C00338,6,161,458,Month-to-month,Electronic Check,Yes,0,1,966,76.33333333333333,0.35152838427947597,3,1,0,1,1,1,Growth Accounts
C00339,28,95,6110,One year,Electronic Check,No,1,0,2660,218.21428571428572,0.015548281505728314,2,0,0,0,0,2,At-Risk New Customers
C00340,4,20,5182,Two year,Bank Transfer,Yes,1,0,80,1295.5,0.0038595137012736396,1,1,1,0,1,0,Premium Loyalists
C00341,68,46,7768,Month-to-month,Electronic Check,No,0,0,3128,114.23529411764706,0.00592173017507724,3,0,0,0,0,2,At-Risk New Customers
C00342,58,142,1452,One year,Credit Card,Yes,1,0,8236,25.03448275862069,0.09779614325068871,2,1,1,0,0,0,Premium Loyalists
C00343,67,67,1052,Month-to-month,Electronic Check,Yes,1,0,4489,15.701492537313433,0.06368821292775666,3,1,0,0,0,2,At-Risk New Customers
C00344,32,80,2998,Two year,Electronic Check,Yes,1,0,2560,93.6875,0.0266844563042028,1,1,0,0,0,2,At-Risk New Customers
C00345,65,29,3138,One year,Bank Transfer,No,1,0,1885,48.276923076923076,0.009241555130656469,2,0,1,0,0,3,Budget Conscious
C00346,10,89,6631,Month-to-month,Electronic Check,No,0,1,890,663.1,0.013421806665661288,3,0,0,0,1,2,At-Risk New Customers
C00347,65,178,4809,One year,Electronic Check,No,0,0,11570,73.98461538461538,0.03701393221043876,2,0,0,1,0,1,Growth Accounts
C00348,3,129,7607,Month-to-month,Bank Transfer,No,1,1,387,2535.6666666666665,0.01695806494018667,3,0,1,0,1,3,Budget Conscious
C00349,32,138,714,One year,Electronic Check,No,0,0,4416,22.3125,0.19327731092436976,2,0,0,0,0,2,At-Risk New Customers
C00350,54,181,6354,Month-to-month,Electronic Check,Yes,0,0,9774,117.66666666666667,0.028485993075228203,3,1,0,1,0,1,Growth Accounts
C00351,57,187,774,One year,Bank Transfer,Yes,0,0,10659,13.578947368421053,0.24160206718346253,2,1,1,1,0,1,Growth Accounts
C00352,34,38,7888,Month-to-month,Credit Card,Yes,1,0,1292,232.0,0.004817444219066937,3,1,1,0,0,0,Premium Loyalists
C00353,6,137,4804,One year,Electronic Check,Yes,0,1,822,800.6666666666666,0.028517901748542882,2,1,0,0,1,2,At-Risk New Customers
C00354,7,54,1631,One year,Credit Card,Yes,1,0,378,233.0,0.03310852237890864,2,1,1,0,1,0,Premium Loyalists
C00355,39,170,4762,Month-to-month,Electronic Check,No,0,0,6630,122.1025641025641,0.03569928601427971,3,0,0,1,0,1,Growth Accounts
C00356,44,68,1931,Two year,Bank Transfer,No,1,0,2992,43.88636363636363,0.03521491455204557,1,0,1,0,0,3,Budget Conscious
C00357,47,46,7361,One year,Credit Card,Yes,1,0,2162,156.61702127659575,0.0062491509305800845,2,1,1,0,0,0,Premium Loyalists
C00358,66,184,1534,Month-to-month,Electronic Check,Yes,0,0,12144,23.242424242424242,0.11994784876140809,3,1,0,1,0,1,Growth Accounts
C00359,46,119,656,Month-to-month,Bank Transfer,No,1,0,5474,14.26086956521739,0.18140243902439024,3,0,1,0,0,3,Budget Conscious
C00360,49,168,4471,Two year,Bank Transfer,Yes,1,0,8232,91.24489795918367,0.0375754864683516,1,1,1,1,0,1,Growth Accounts
C00361,45,118,4416,Two year,Bank Transfer,No,0,0,5310,98.13333333333334,0.026721014492753624,1,0,1,0,0,3,Budget Conscious
C00362,5,134,3651,One year,Credit Card,Yes,1,1,670,730.2,0.03670227334976719,2,1,1,0,1,0,Premium Loyalists
C00363,30,138,1585,One year,Bank Transfer,Yes,0,0,4140,52.833333333333336,0.08706624605678233,2,1,1,0,0,0,Premium Loyalists
C00364,48,53,7371,Two year,Credit Card,No,0,0,2544,153.5625,0.007190340523673857,1,0,1,0,0,3,Budget Conscious
C00365,17,24,1389,One year,Bank Transfer,No,0,0,408,81.70588235294117,0.017278617710583154,2,0,1,0,0,3,Budget Conscious
C00366,17,124,1196,Month-to-month,Credit Card,No,1,0,2108,70.3529411764706,0.10367892976588629,3,0,1,0,0,3,Budget Conscious
C00367,33,101,2979,Two year,Credit Card,Yes,0,0,3333,90.27272727272727,0.03390399462907016,1,1,1,0,0,0,Premium Loyalists
C00368,10,81,5158,One year,Electronic Check,Yes,1,0,810,515.8,0.015703761147731678,2,1,0,0,1,2,At-Risk New Customers
C00369,37,58,5083,Month-to-month,Credit Card,No,1,0,2146,137.3783783783784,0.011410584300609875,3,0,1,0,0,3,Budget Conscious
C00370,32,148,2526,Two year,Electronic Check,No,1,0,4736,78.9375,0.05859065716547902,1,0,0,0,0,2,At-Risk New Customers
C00371,20,49,5058,One year,Electronic Check,No,1,0,980,252.9,0.009687623566627125,2,0,0,0,0,2,At-Risk New Customers
C00372,14,27,2388,Two year,Bank Transfer,Yes,0,0,378,170.57142857142858,0.011306532663316583,1,1,1,0,0,0,Premium Loyalists
C00373,57,126,1514,Month-to-month,Bank Transfer,Yes,0,0,7182,26.56140350877193,0.083223249669749,3,1,1,0,0,0,Premium Loyalists
C00374,40,130,5612,One year,Electronic Check,Yes,1,0,5200,140.3,0.02316464718460442,2,1,0,0,0,2,At-Risk New Customers
C00375,29,20,4628,One year,Bank Transfer,Yes,1,0,580,159.58620689655172,0.00432152117545376,2,1,1,0,0,0,Premium Loyalists
C00376,33,196,2107,One year,Bank Transfer,Yes,0,0,6468,63.84848484848485,0.09302325581395349,2,1,1,1,0,1,Growth Accounts
C00377,36,192,3483,One year,Electronic Check,No,0,0,6912,96.75,0.05512489233419466,2,0,0,1,0,1,Growth Accounts
C00378,31,181,4712,Two year,Bank Transfer,No,1,0,5611,152.0,0.0384125636672326,1,0,1,1,0,1,Growth Accounts
C00379,41,76,4187,Two year,Bank Transfer,No,1,0,3116,102.1219512195122,0.018151421065201814,1,0,1,0,0,3,Budget Conscious
C00380,21,180,3061,One year,Bank Transfer,No,0,0,3780,145.76190476190476,0.05880431231623652,2,0,1,1,0,1,Growth Accounts
C00381,68,67,2144,Two year,Credit Card,Yes,1,0,4556,31.529411764705884,0.03125,1,1,1,0,0,0,Premium Loyalists
C00382,67,64,5558,One year,Credit Card,Yes,0,0,4288,82.95522388059702,0.011514933429291111,2,1,1,0,0,0,Premium Loyalists
C00383,24,185,1550,Two year,Electronic Check,No,1,0,4440,64.58333333333333,0.11935483870967742,1,0,0,1,0,1,Growth Accounts
C00384,47,187,4343,One year,Bank Transfer,Yes,1,0,8789,92.40425531914893,0.04305779415150818,2,1,1,1,0,1,Growth Accounts
C00385,1,188,7165,Month-to-month,Bank Transfer,No,0,1,188,7165.0,0.026238660153524076,3,0,1,1,1,1,Growth Accounts
C00386,25,90,1649,Month-to-month,Credit Card,No,1,0,2250,65.96,0.0545785324439054,3,0,1,0,0,3,Budget Conscious
C00387,70,168,2375,One year,Bank Transfer,Yes,0,0,11760,33.92857142857143,0.07073684210526315,2,1,1,1,0,1,Growth Accounts
C00388,42,156,2302,Two year,Electronic Check,No,0,0,6552,54.80952380952381,0.0677671589921807,1,0,0,0,0,2,At-Risk New Customers
C00389,42,126,5532,Month-to-month,Credit Card,No,0,0,5292,131.71428571428572,0.0227765726681128,3,0,1,0,0,3,Budget Conscious
C00390,4,105,2534,Month-to-month,Electronic Check,Yes,0,1,420,633.5,0.04143646408839779,3,1,0,0,1,2,At-Risk New Customers
C00391,3,79,1299,One year,Credit Card,No,1,0,237,433.0,0.06081601231716705,2,0,1,0,1,3,Budget Conscious
C00392,56,147,253,Month-to-month,Credit Card,Yes,0,0,8232,4.517857142857143,0.5810276679841897,3,1,1,0,0,0,Premium Loyalists
C00393,6,63,2156,Month-to-month,Credit Card,Yes,1,1,378,359.3333333333333,0.02922077922077922,3,1,1,0,1,0,Premium Loyalists
C00394,22,65,1947,Month-to-month,Bank Transfer,Yes,1,0,1430,88.5,0.03338469440164355,3,1,1,0,0,0,Premium Loyalists
C00395,61,116,6302,One year,Electronic Check,Yes,0,0,7076,103.31147540983606,0.018406854966677245,2,1,0,0,0,2,At-Risk New Customers
C00396,57,134,2241,Month-to-month,Electronic Check,Yes,1,0,7638,39.31578947368421,0.05979473449352968,3,1,0,0,0,2,At-Risk New Customers
C00397,5,39,3370,Month-to-month,Credit Card,Yes,0,1,195,674.0,0.011572700296735905,3,1,1,0,1,0,Premium Loyalists
C00398,59,95,7232,Two year,Credit Card,Yes,1,0,5605,122.57627118644068,0.013136061946902654,1,1,1,0,0,0,Premium Loyalists
C00399,62,159,446,One year,Bank Transfer,No,0,0,9858,7.193548387096774,0.35650224215246634,2,0,1,1,0,1,Growth Accounts
C00400,53,27,4429,Two year,Electronic Check,No,0,0,1431,83.56603773584905,0.006096184240234816,1,0,0,0,0,2,At-Risk New Customers
C00401,6,198,6427,Month-to-month,Credit Card,No,1,1,1188,1071.1666666666667,0.030807530729733936,3,0,1,1,1,1,Growth Accounts
C00402,45,199,7564,Month-to-month,Credit Card,Yes,0,0,8955,168.0888888888889,0.026308831306187202,3,1,1,1,0,1,Growth Accounts
C00403,69,115,4730,One year,Credit Card,Yes,1,0,7935,68.55072463768116,0.024312896405919663,2,1,1,0,0,0,Premium Loyalists
C00404,20,37,4631,Month-to-month,Electronic Check,No,0,0,740,231.55,0.007989635068019866,3,0,0,0,0,2,At-Risk New Customers
C00405,25,184,7662,Month-to-month,Credit Card,No,1,0,4600,306.48,0.02401461759331767,3,0,1,1,0,1,Growth Accounts
C00406,45,104,2541,Month-to-month,Electronic Check,No,1,0,4680,56.46666666666667,0.04092876820149548,3,0,0,0,0,2,At-Risk New Customers
C00407,3,75,3048,One year,Electronic Check,No,0,0,225,1016.0,0.024606299212598427,2,0,0,0,1,2,At-Risk New Customers
C00408,5,44,7840,One year,Credit Card,No,0,0,220,1568.0,0.005612244897959183,2,0,1,0,1,3,Budget Conscious
C00409,48,46,6056,Month-to-month,Bank Transfer,No,0,0,2208,126.16666666666667,0.007595772787318362,3,0,1,0,0,3,Budget Conscious
C00410,48,149,7690,Month-to-month,Bank Transfer,Yes,1,0,7152,160.20833333333334,0.019375812743823148,3,1,1,0,0,0,Premium Loyalists
C00411,23,134,4413,One year,Electronic Check,No,1,0,3082,191.8695652173913,0.030364831180602764,2,0,0,0,0,2,At-Risk New Customers
C00412,48,95,1168,One year,Bank Transfer,Yes,0,0,4560,24.333333333333332,0.08133561643835617,2,1,1,0,0,0,Premium Loyalists
C00413,64,131,3127,Two year,Electronic Check,No,0,0,8384,48.859375,0.041893188359449954,1,0,0,0,0,2,At-Risk New Customers
C00414,2,158,3460,Two year,Electronic Check,No,0,0,316,1730.0,0.04566473988439306,1,0,0,1,1,1,Growth Accounts
C00415,48,87,6197,One year,Credit Card,Yes,1,0,4176,129.10416666666666,0.01403905115378409,2,1,1,0,0,0,Premium Loyalists
C00416,48,151,530,Two year,Credit Card,Yes,0,0,7248,11.041666666666666,0.2849056603773585,1,1,1,0,0,0,Premium Loyalists
C00417,51,83,7409,Two year,Bank Transfer,Yes,0,0,4233,145.27450980392157,0.011202591442839789,1,1,1,0,0,0,Premium Loyalists
C00418,59,183,4605,One year,Electronic Check,Yes,0,0,10797,78.05084745762711,0.03973941368078176,2,1,0,1,0,1,Growth Accounts
C00419,35,113,6754,Month-to-month,Bank Transfer,No,1,0,3955,192.97142857142856,0.016730826177080247,3,0,1,0,0,3,Budget Conscious
C00420,18,53,6260,Month-to-month,Bank Transfer,Yes,0,0,954,347.77777777777777,0.008466453674121405,3,1,1,0,0,0,Premium Loyalists
C00421,39,146,3886,One year,Bank Transfer,Yes,1,0,5694,99.64102564102564,0.03757076685537828,2,1,1,0,0,0,Premium Loyalists
C00422,14,158,1718,One year,Bank Transfer,No,1,0,2212,122.71428571428571,0.0919674039580908,2,0,1,1,0,1,Growth Accounts
C00423,5,172,2066,One year,Bank Transfer,No,1,0,860,413.2,0.08325266214908035,2,0,1,1,1,1,Growth Accounts
C00424,5,93,3720,Month-to-month,Credit Card,Yes,0,1,465,744.0,0.025,3,1,1,0,1,0,Premium Loyalists
C00425,52,47,7270,Two year,Electronic Check,Yes,0,0,2444,139.80769230769232,0.006464924346629986,1,1,0,0,0,2,At-Risk New Customers
C00426,54,61,1714,Month-to-month,Bank Transfer,No,1,0,3294,31.74074074074074,0.03558926487747958,3,0,1,0,0,3,Budget Conscious
C00427,34,191,4220,One year,Bank Transfer,Yes,0,0,6494,124.11764705882354,0.04526066350710901,2,1,1,1,0,1,Growth Accounts
C00428,3,178,1423,Month-to-month,Credit Card,Yes,1,1,534,474.3333333333333,0.12508784258608574,3,1,1,1,1,1,Growth Accounts
C00429,36,169,7102,One year,Electronic Check,No,1,0,6084,197.27777777777777,0.023796113770768797,2,0,0,1,0,1,Growth Accounts
C00430,10,21,4968,One year,Electronic Check,No,1,0,210,496.8,0.004227053140096618,2,0,0,0,1,2,At-Risk New Customers
C00431,70,156,2011,Two year,Credit Card,Yes,0,0,10920,28.728571428571428,0.07757334659373447,1,1,1,0,0,0,Premium Loyalists
C00432,62,116,2103,One year,Electronic Check,No,1,0,7192,33.91935483870968,0.05515929624346172,2,0,0,0,0,2,At-Risk New Customers
C00433,14,162,325,Two year,Credit Card,Yes,0,0,2268,23.214285714285715,0.49846153846153846,1,1,1,1,0,1,Growth Accounts
C00434,67,21,5850,Two year,Electronic Check,Yes,0,0,1407,87.31343283582089,0.0035897435897435897,1,1,0,0,0,2,At-Risk New Customers
C00435,8,152,499,Month-to-month,Electronic Check,No,0,1,1216,62.375,0.3046092184368738,3,0,0,0,1,2,At-Risk New Customers
C00436,29,151,1329,Month-to-month,Bank Transfer,Yes,1,0,4379,45.827586206896555,0.11361926260346125,3,1,1,0,0,0,Premium Loyalists
C00437,30,100,3098,Month-to-month,Electronic Check,No,0,0,3000,103.26666666666667,0.03227888960619755,3,0,0,0,0,2,At-Risk New Customers
C00438,68,93,3075,Month-to-month,Credit Card,Yes,0,0,6324,45.220588235294116,0.03024390243902439,3,1,1,0,0,0,Premium Loyalists
C00439,46,76,5865,One year,Electronic Check,No,1,0,3496,127.5,0.012958226768968456,2,0,0,0,0,2,At-Risk New Customers
C00440,60,47,6373,Month-to-month,Credit Card,No,1,0,2820,106.21666666666667,0.007374862702024165,3,0,1,0,0,3,Budget Conscious
C00441,61,26,3471,One year,Credit Card,No,0,0,1586,56.90163934426229,0.00749063670411985,2,0,1,0,0,3,Budget Conscious
C00442,52,70,5784,Two year,Electronic Check,No,0,0,3640,111.23076923076923,0.012102351313969572,1,0,0,0,0,2,At-Risk New Customers
C00443,29,85,5965,Two year,Credit Card,No,0,0,2465,205.68965517241378,0.014249790444258172,1,0,1,0,0,3,Budget Conscious
C00444,59,126,6287,One year,Credit Card,No,1,0,7434,106.55932203389831,0.020041355177350086,2,0,1,0,0,3,Budget Conscious
C00445,58,150,5290,One year,Credit Card,No,1,0,8700,91.20689655172414,0.02835538752362949,2,0,1,0,0,3,Budget Conscious
C00446,8,168,7608,Two year,Credit Card,No,0,0,1344,951.0,0.022082018927444796,1,0,1,1,1,1,Growth Accounts
C00447,13,190,6568,Month-to-month,Electronic Check,Yes,1,0,2470,505.2307692307692,0.02892813641900122,3,1,0,1,0,1,Growth Accounts
C00448,50,190,6770,Month-to-month,Credit Card,No,1,0,9500,135.4,0.028064992614475627,3,0,1,1,0,1,Growth Accounts
C00449,59,165,7758,One year,Electronic Check,Yes,1,0,9735,131.4915254237288,0.021268368136117557,2,1,0,1,0,1,Growth Accounts
C00450,15,113,6537,Two year,Electronic Check,No,1,0,1695,435.8,0.017286216919076027,1,0,0,0,0,2,At-Risk New Customers
C00451,64,57,5241,One year,Electronic Check,No,0,0,3648,81.890625,0.010875787063537493,2,0,0,0,0,2,At-Risk New Customers
C00452,19,192,2908,One year,Credit Card,No,1,0,3648,153.05263157894737,0.06602475928473177,2,0,1,1,0,1,Growth Accounts
C00453,36,67,4566,Month-to-month,Electronic Check,No,1,0,2412,126.83333333333333,0.014673674989049496,3,0,0,0,0,2,At-Risk New Customers
C00454,68,24,3316,One year,Bank Transfer,No,0,0,1632,48.76470588235294,0.007237635705669481,2,0,1,0,0,3,Budget Conscious
C00455,10,34,5589,Month-to-month,Credit Card,No,0,1,340,558.9,0.006083378064054392,3,0,1,0,1,3,Budget Conscious
C00456,1,30,6242,Two year,Bank Transfer,No,0,0,30,6242.0,0.004806151874399231,1,0,1,0,1,3,Budget Conscious
C00457,31,160,5208,One year,Electronic Check,Yes,1,0,4960,168.0,0.030721966205837174,2,1,0,1,0,1,Growth Accounts
C00458,1,186,622,Two year,Electronic Check,Yes,1,1,186,622.0,0.2990353697749196,1,1,0,1,1,1,Growth Accounts
C00459,53,102,7501,Month-to-month,Credit Card,No,1,0,5406,141.52830188679246,0.013598186908412212,3,0,1,0,0,3,Budget Conscious
C00460,28,187,3207,One year,Electronic Check,Yes,0,0,5236,114.53571428571429,0.05830994699095728,2,1,0,1,0,1,Growth Accounts
C00461,49,80,3534,Month-to-month,Credit Card,No,1,0,3920,72.12244897959184,0.022637238256932653,3,0,1,0,0,3,Budget Conscious
C00462,40,158,4093,One year,Electronic Check,Yes,0,0,6320,102.325,0.038602492059613976,2,1,0,1,0,1,Growth Accounts
C00463,56,143,6530,One year,Bank Transfer,Yes,1,0,8008,116.60714285714286,0.021898928024502298,2,1,1,0,0,0,Premium Loyalists
C00464,10,168,5667,One year,Electronic Check,Yes,1,1,1680,566.7,0.029645314981471677,2,1,0,1,1,1,Growth Accounts
C00465,63,125,6204,Month-to-month,Bank Transfer,No,0,0,7875,98.47619047619048,0.02014829142488717,3,0,1,0,0,3,Budget Conscious
C00466,38,59,3970,One year,Credit Card,No,0,0,2242,104.47368421052632,0.014861460957178841,2,0,1,0,0,3,Budget Conscious
C00467,46,37,5635,Two year,Electronic Check,No,0,0,1702,122.5,0.0065661047027506655,1,0,0,0,0,2,At-Risk New Customers
C00468,23,23,4012,One year,Electronic Check,Yes,1,0,529,174.43478260869566,0.005732801595214357,2,1,0,0,0,2,At-Risk New Customers
C00469,53,146,6760,One year,Bank Transfer,Yes,1,0,7738,127.54716981132076,0.021597633136094675,2,1,1,0,0,0,Premium Loyalists
C00470,6,115,4534,Month-to-month,Bank Transfer,Yes,1,1,690,755.6666666666666,0.025363917071018968,3,1,1,0,1,0,Premium Loyalists
C00471,2,194,5397,Month-to-month,Electronic Check,Yes,0,1,388,2698.5,0.035945895868074854,3,1,0,1,1,1,Growth Accounts
C00472,52,55,2628,Month-to-month,Credit Card,No,1,0,2860,50.53846153846154,0.020928462709284626,3,0,1,0,0,3,Budget Conscious
C00473,45,187,1946,One year,Electronic Check,Yes,0,0,8415,43.24444444444445,0.09609455292908531,2,1,0,1,0,1,Growth Accounts
C00474,13,106,5999,Two year,Credit Card,No,1,0,1378,461.46153846153845,0.017669611601933654,1,0,1,0,0,3,Budget Conscious
C00475,19,82,7583,Month-to-month,Credit Card,Yes,0,0,1558,399.10526315789474,0.010813662138995121,3,1,1,0,0,0,Premium Loyalists
C00476,44,24,6003,Two year,Credit Card,Yes,1,0,1056,136.4318181818182,0.00399800099950025,1,1,1,0,0,0,Premium Loyalists
C00477,14,131,903,Two year,Electronic Check,Yes,1,0,1834,64.5,0.1450719822812846,1,1,0,0,0,2,At-Risk New Customers
C00478,29,117,3187,Two year,Electronic Check,Yes,1,0,3393,109.89655172413794,0.03671164104173204,1,1,0,0,0,2,At-Risk New Customers
C00479,32,59,4807,Month-to-month,Credit Card,No,1,0,1888,150.21875,0.012273767422508842,3,0,1,0,0,3,Budget Conscious
C00480,11,160,4666,Two year,Credit Card,No,0,1,1760,424.1818181818182,0.03429061294470639,1,0,1,1,1,1,Growth Accounts
C00481,69,58,3105,One year,Electronic Check,Yes,0,0,4002,45.0,0.01867954911433172,2,1,0,0,0,2,At-Risk New Customers
C00482,32,199,5789,Month-to-month,Electronic Check,Yes,0,0,6368,180.90625,0.03437553981689411,3,1,0,1,0,1,Growth Accounts
C00483,13,189,6302,Two year,Bank Transfer,No,0,0,2457,484.7692307692308,0.02999047921294827,1,0,1,1,0,1,Growth Accounts
C00484,27,147,7103,Two year,Credit Card,Yes,1,0,3969,263.0740740740741,0.020695480782767846,1,1,1,0,0,0,Premium Loyalists
C00485,50,74,7599,Month-to-month,Credit Card,No,1,0,3700,151.98,0.00973812343729438,3,0,1,0,0,3,Budget Conscious
C00486,66,67,6774,Month-to-month,Bank Transfer,No,1,0,4422,102.63636363636364,0.009890758783584292,3,0,1,0,0,3,Budget Conscious
C00487,57,165,5425,Month-to-month,Credit Card,No,0,0,9405,95.17543859649123,0.030414746543778803,3,0,1,1,0,1,Growth Accounts
C00488,9,72,2417,Month-to-month,Electronic Check,Yes,1,1,648,268.55555555555554,0.029788994621431527,3,1,0,0,1,2,At-Risk New Customers
C00489,66,156,677,Month-to-month,Credit Card,Yes,0,0,10296,10.257575757575758,0.23042836041358936,3,1,1,0,0,0,Premium Loyalists
C00490,56,52,4061,One year,Electronic Check,Yes,1,0,2912,72.51785714285714,0.012804727899532135,2,1,0,0,0,2,At-Risk New Customers
C00491,44,30,4695,One year,Credit Card,Yes,1,0,1320,106.70454545454545,0.006389776357827476,2,1,1,0,0,0,Premium Loyalists
C00492,54,123,7652,Month-to-month,Electronic Check,No,1,0,6642,141.7037037037037,0.016074228959749085,3,0,0,0,0,2,At-Risk New Customers
C00493,2,114,5468,One year,Credit Card,Yes,1,0,228,2734.0,0.020848573518653987,2,1,1,0,1,0,Premium Loyalists
C00494,68,128,2102,Month-to-month,Electronic Check,Yes,1,0,8704,30.91176470588235,0.060894386298763085,3,1,0,0,0,2,At-Risk New Customers
C00495,22,164,2339,One year,Credit Card,No,0,0,3608,106.31818181818181,0.07011543394613083,2,0,1,1,0,1,Growth Accounts
C00496,50,128,6970,Month-to-month,Credit Card,Yes,1,0,6400,139.4,0.01836441893830703,3,1,1,0,0,0,Premium Loyalists
C00497,2,49,5917,Two year,Bank Transfer,No,1,0,98,2958.5,0.008281223593037013,1,0,1,0,1,3,Budget Conscious
C00498,46,198,2158,Month-to-month,Bank Transfer,No,0,0,9108,46.91304347826087,0.0917516218721038,3,0,1,1,0,1,Growth Accounts
C00499,1,185,5755,Two year,Credit Card,Yes,1,1,185,5755.0,0.03214596003475239,1,1,1,1,1,1,Growth Accounts
C00500,27,181,4292,Month-to-month,Bank Transfer,No,1,0,4887,158.96296296296296,0.04217148182665424,3,0,1,1,0,1,Growth Accounts
